<?xml version="1.0" encoding="UTF-8"?>
<!DOCTYPE hibernate-configuration PUBLIC
        "-//Hibernate/Hibernate Configuration DTD 3.0//EN"
        "http://www.hibernate.org/dtd/hibernate-configuration-3.0.dtd">
<hibernate-configuration>
    <session-factory>
        <!-- Database connection properties -->
        <property name="hibernate.connection.driver_class">com.mysql.cj.jdbc.Driver</property>
        <property name="hibernate.connection.url">jdbc:mysql://localhost:3306/health</property>
        <property name="hibernate.connection.username">root</property>
        <property name="hibernate.connection.password">silpa23</property>
        
        <!-- Hibernate dialect for your database -->
        <property name="hibernate.dialect">org.hibernate.dialect.MySQL5Dialect</property>
        <property name="hibernate.current_session_context_class">thread</property>
<property name="hibernate.connection.pool_size">5</property>

        <!-- Dialect for your database -->
        <property name="hibernate.dialect">org.hibernate.dialect.MySQL8Dialect</property>

        <!-- Enable SQL logging for debugging (optional) -->
        <property name="hibernate.show_sql">true</property>
        <property name="hibernate.format_sql">true</property>
        <!-- Mapping files and annotated classes -->
        <mapping class="com.health.Doctor"/>
        <mapping class="com.health.Patient"/>
        <mapping class="com.health.Vital"/>
        <mapping class="com.health.VitalsChart"/>
    </session-factory>
</hibernate-configuration>
